OCR|PlaceName|Items|Currency|Total|Timestamp
"SAVOURYBREAD
1 1 @ 24.99
SPAR P/CRISPS 17
TOTAL
TENDERED Credit Card
MENLYN MAIN CENTRE
SUPERSPAR
VAT NR: 4770111336
LIQ LIC: GLB700000378
PHONE NR: 012 348 2204
VAT rate
15.00%
FOR 2 ITEMS
excl.
67.81
SLIP / TILL
4282 006
CASHIER NAME:
EACH
TAX INVOICE
170G
Fikile
TAX
10.17
R
THANK YOU FOR
YOUR SUPPORT
PLEASE CALL AGAIN
24.99 A
52.99 A
77.98
77.98
/ CASHIER/ DATE/ TIME
203 02.05.24 12:06
incl.
77.98 A"|Menlyn Main Centre Superspar|[{'name':'Savoury Bread', 'quantity':1, 'price':24.99}, {'name':'Spar P/Crisps 17','quantity':1,'price':52.99}]|R|77.98|02/05/2024 12:06
"KAUAI MENLYN MAINE
Menlyn Ma ine Central Square, Corner of
Dallas Ave and, Aram ist Ave, Menlyn,
Pretoria
Phone : 087 159 0127
1335 SIKHALIPHILE
KAUAT
CHK 1053 TBL 125/1
2024/04/18 12:13 PM
Card Ret
VAT:
NATURALLY
1 Roasted Veg Falafel Wrap 95.00
1 Berry Dairy Lrg
Subtotal
Payment
21.39 Tax
Change Due
21.39 RSA VAT 15%
69.00
R164.00
RI64.00
R164.00
RO.00
164.00
164.00
Check Closed -
2024/04/18 12:13 PM"|Kauai Menlyn Maine|[{'name':'Roasted Veg Falafel Wrap','quantity':1,'price':95.00},{'name':'Berry Dairy Lrg','quantity':1,'price':69.00}]|R|164.00|18/04/2024  12:13PM
"Menlyn Ma ine Central Square, Corner of
Dallas Ave and, Aramist Ave, Menlyn,
Pretoria
KAUAI MENLYN MAINE
Phone: 087 159 0127
7858 Vhuhwavho
KAUAI
Card Ret
CHK 1810 TBL 119/1
2024/04/22 5:16 PM
Subtotal
Payment
1 Peanut utter Bliss Lrg 69.00
VAT:
NATURALLY
Change Due
9.00 Tax
9.00 RSA VAT 15%
R69.00
R69.00
R69.00
Check Closed
2024/04/22 5:17 PM
RO.00
69.00
69.00"|Kauai Menlyn Maine|{'name':'Peanut Butter Bliss Lrg','quantity':1,'price':69.00}|R|69.00|22/04/24 5:17PM
"MENLYN MAIN CENTRE
SUPERSPAR
VAT rate
15.00%
VAT NR: 4770111336
LIQ LIC: GLB700000378
PHONE NR: 012 348 2204
SPAR MIN WATER
TOTAL FOR 1 ITEMS
TENDERED Credit Card
TAX INVOICE
exc1.
25.21
5LT
SLIP / TILL
3024 003
CASHIER NAME: TSHIAMO
TAX
3.78
R
THANK YOU FOR
YOUR SUPPORT
PLEASE CALL AGAIN
28.99 A
28.99
28.99
incl.
28.99 A
/ CASHIER/ DATE /
231 27.04.24 16:18
TIME"|Menlyn Main Centre Superspar|{'name':'Spar Min Water','quantity':1,'price':28.99}|R|28.99|27/04/2024 16:18
"1
MENLYN MAIN CENTRE
SUPERSPAR
OREO BISC 128.8G
SAVOURY BREAD
VAT NR: 4770111336
LIQ LIC: GLB700000378
PHONE NR: 012 348 2204
VAT rate
15.00%
@ 24.99
TOTAL
TENDERED Credit Card
FOR 2 ITEMS
exc1.
TAX INVOICE
37.37
128.8
SLIP / TILL
3463 006
CASHIER NAME: Fikile
EACH
TAX
5.61
R
17.99 A
THANK YOU FOR
YOUR SUPPORT
PLEASE CALL AGAIN
24.99 A
42.98
42.98
incl.
42.98 A
/ CASHIER / DATE /
203 30.04.24 12:17
TIME"|Menlyn Main Centre Superspar|[{'name':'Oreo Bisc 128.8g','quantity':1,'price':17.99},{'name':'Savoury Bread','quantity':1,'price':24.99}]|R|42.98|30/04/2024 12:17
"KAUAI MENLYN MAINE
Neniyn Maine Cent ral Square, Corner of
Dallas Ave and, Aramist Ave, Menlyn,
Pretoria
Phone : 087 159 0127
VAT:
NATL LLY
7858 Vau wavhe
KAUAT
CHK 1099
Subtotal
Payment
2024/04/30 12:20 PH
1 Berry Dairy Lrg
Card Ret
Change Due
9.00 RSA VAT 15%
9.00 Tax
TBLi 9/1
69.00
R69,00
R69.00
R69.00
RO.00
69.00
69.00
Check Closed
2024/04/30 12:20 PM"|Kauai Menlyn Maine|{'name':'Berry Dairy Lrg','quantity':1,'price':69.00}|R|69.00|30/04/24 12:20PM
"MENLYN MAIN CENTRE
SUPERSPAR
VAT NR: 4770111336
LIQ LIC: GLB700000378
PHONE NR: 012 348 2204
DORITOS SHT CHIL
AQUELLE WATER STILL
TOTAL FOR 2 ITEMS
TENDERED Credit Card
240GR
VAT rate excl.
15.00% 48.68
5LT
TAX INVOICE
TAX
7.30
SLIP / TILL / CASHIER / DATE /
5587 005
CASHIER NAME: Thandiwe
208 18.04.24
THANK YOU FOR
YOUR SUPPORT
PLEASE CALL AGAIN
R
25.99 A
29.99 A
55.98
55.98
incl.
55.98 A
TIME
17:12"|Menlyn Main Centre Superspar|[{'name':'Doritos Swt Chil','quantity':1,'price':25.99},{'name':'Aquelle Water Still','quantity':1,'price':29.99}]|R|55.98|18/04/2024 17:12
"BONAQUA STILL
SPAR MILK L/L 2%
LIPTON I/TEA M/B
LAYS SALT
VAT rate
0.00%
MENLYN HAIN CENTRE
SUPLRSPAR
VAT NR: 4770111336
LIQ LIC: GIB700000378
PHONE NR: 012 348 2204
15.00%
(K)SPAR CARRIERS BAG RE 1'S
TOTAL FOR 5 ITEMS
TENDERED Credit Card
6927
excl.
5LT
19.49
1.5LT
TAX INVOICE
67.80
120GR
TAX
0.00
10.17
SLIP / TILL / CASHIER / DATE /
004 152 22.03.24
CASHIER NAME: Florence
R
THANK YOU FOR
YOUR SUPPORT
PLEASE CALL AGAIN
26 99 A
19.49 *
25.99 A
23.49 A
1.50 A
97.46
97.46
Today SPAR Saved You
0.50
incl.
19.49 *
77.97 A
TIME
16: 12"|Menlyn Main Centre Superspar|[{'name':'Bonaqua Still','quantity':1,'price':26.99},{'name':'Spar Milk L/L 2%','quantity':1,'price':19.49},{'name':'Lipton I/Tea M/B','quantity':1,'price':25.99},{'name':'Lays Salt','quantity':1,'price':23.49},{'name':'(K)Spar Carriers Bag Re','quantity':1,'price':1.50}]|R|97.46|22/03/2024 16:12
"MENLYN MAIN CENTRE
SUPERSPAR
VAT NR: 4770111336
LIQ LIC: GLB700000378
PHONE NR: 012 348 2204
LAYS AMERICAN BB
LIPTON ICE TEA
M/MAINE ASSORTED PIZZA
1 @ 32.99
TUC BISC 100G 0
SPAR GRNC A T/CH
MERBA COUIES CHOCOLATE
SPAR MIN WATER
TOTAL FOR 7 ITEMS
TENDERED Credit Card
VAT rate
15.00%
SLIP / TILL
6331 006
CASHIER NAME:
120GR
1.5LT
EACH
212
100G
1KG
200GR
5LT
TAX INV0ICE
excl.
226.03 33.90
TAX
R
23.99 A
Ntombi
THANK YOU FOR
YOUR SUPPORT
PLEASE CALL AGA N
25.99 A
32.99 A
18 99 A
73.99
54.99 A
28.99
259.93
259.93
/ CASHIER / DATE /
18.03.24 13:31
incl.
259.93 A
TIME
À"|Menlyn Main Centre Superspar|[{'name':'Lays American BB','quantity':1,'price':23.99},{'name':'Lipton Ice Tea','quantity':1,'price':25.99},{'name':'M/Maine Assorted Pizza','quantity':1,'price':32.99},{'name':'Tuc Bisc 100g','quantity':1,'price':18.99},{'name':'Spar Grnola T/CH','quantity':1,'price':73.99},{'name':'Merba Cookies Chocolate','quantity':1,'price':54.99},{'name':'Spar Min Water','quantity':1,'price':28.99}]|R|259.93|18/03/2024 13:31
"1
MENLYN MAIN CENTRE
SUPERSPAR
KIT KAT CHOC MILK 4F
SAVOURY BREAD
VAT NR: 4770111336
LIQ LIC: GLB700000378
PHONE NR: 012 348 2204
VAT rate
15.00%
@ 24.99
TOTAL
TENDERED Credit Card
FOR 2 ITEMS
TAX INVOICE
excl.
41.5G
EACH
34.77
TAX
5.21
R
14.99 A
THANK YOU FOR
YOUR SUPPORT
PLEASE CALL AGAIN
24.99 A
39.98
39.98
incl.
39.98 A
SLIP / TILL / CASHIER / DATE/
7840 004 212 26.03.24 12:07
CASHIER NAME: Ntombi
TIME"|Menlyn Main Centre Superspar|[{'name':'Kit Kat Choc Milk 4F','quantity':1,'price':14.99},{'name':'Savoury Bread','quantity':1,'price':24.99}]|R|39.98|26/03/2024 12:07
"MENL YN MAIN CENTRE
SUPERSPAR
VAT NR: 47/0111336
LIQ LIC: GLB700000378
PHONE NR: 012 348 2204
SAVOURY BREAD
1@ L4.93
TOTAL FOR 1 ITEMS
TENDERED Credit Card
VAT rate
15.00%
SLIP / TILL
4772 007
CASHIER NAME:
TAX INVOICE
exc.
21.73
EACH
TAX
3.26
/ CASHIER / DATE /
203
15.03.24
Fikile
THANK YOU FOR
YOUR SUPPORT
PLEASE CALL AGAIN
R
24.99 A
24.99
24.99
incl.
24.99 4
TIME
12:09"|Menlyn Main Centre Superspar|{'name':'Savoury Bread','quantity':1,'price':24.99}|R|24.99|15/03/2024 12:09
"SUPERSPAAO
MENLYN MAIN CENTRE
SUPERSPAR
SAVOURY BREAD
VAT NR: 4770111336
LIQ LIC: GLB700000378
PHONE NR: 012 348 2204
1@ 24.99
SIR THE BERRIES
VAT rate
15.00%
TENDERED Credit Card
(K)SPAR CARRIERS BAG RE 1'S
TOTAL FUR 3 ITEMS
excl.
TAX INVOICE
46.50
EACH
500ML
SLIP/ TILL
6716 006
CASHIER NAME: Violet
225
/ CASHIER/ DATE /
15.04.24
TAX
6.98
THANK YOU FOR
YOUR SUPPORT
PLEASE CALL AGAIN
R
24.99 A
26.99 A
1.50 A
53.48
53.48
incl.
53.48 A
TIME
12:19"|Menlyn Main Centre Superspar|[{'name':'Savoury Bread','quantity':1,'price':24.99},{'name':'Sir The Berries','quantity':1,'price':26.99},{'name':'(K)Spar Carriers Bag Re','quantity':1,'price':1.50}]|R|53.48|15/04/2024 12:19
"MENLYN MAIN CENTRE
SUPERSPAR
VAT NR: 4770111336
LIQ LIC: GLB700000378
PHONE NR: 012 348 2204
RED BULL APR/STR
SAVOURY BREA
1
24.99
TOTAL FOR 2 ITEMS
TENDERED Credit Card
VAT rate
15.00%
--- TAX INVOICE
exc1.
37.37
SLIP / TILL
6294 005
CASHIER NAME:
250ML
EACH
TAX
5.61
/ CASHIER / DATE
R
PATRICIA M
THANK YOU FOR
YOUR SUPPORT
PLEASE CALL AGAIN
17.99 A
24.99 A
42.98
42.98
incl.
42.98 A
/ TIME
253 20.03.24 12:17"|Menlyn Main Centre Superspar|[{'name':'Red Bull APR/STR','quantity':1,'price':17.99},{'name':'Savoury Bread','quantity':1,'price':24.99}]|R|42.98|20/03/2024 12:17
"SPAR MILK SKIM
BEEF FRIKKADELS
0.396kg @
DORITOS SWT CHIL
L/HOOD GOUDA GR
LIPTON ICE TEA
AG TOMATO SAUCE
TOTAL FOR 6 ITEMS
TENDERED Credit Card
VAT rate
0.00%
15.00%
MENLYN MAIN CENTRE
SUPERSPAR
VAT NR: 4770111336
LIQ LIC: GLB700000378
PHONE NR: 012 348 2204
2031
129.99R
1LT
1P/K
/kg
240GR
200GR
1.5LT
350ML
TAX INVOICE
TAX
excl.
19.49
158.64 23.80
0.00
SLIP / TILL / CASHIER / DATE /
003
CASHIER NAME: Priscilla
221 22.04.24
THANK YOU FOR
YOUR SUPPORT
PLEASE CALL AGAIN
R
19.49 *
51.48 A
25.99 A
46.99 A
25.99 A
31.99 A
201.93
201.93
incl.
19.49 *
182.44 A
TIME
17:12"|Menlyn Main Centre Superspar|[{'name':'Spar Milk Skim','quantity':1,'price':19.49},{'name':'Beef Frikkadels','quantity':1,'price':51.48},{'name':'Doritos Swt Chil','quantity':1,'price':25.99},{'name':'L/Wood Gouda Gr','quantity':1,'price':46.99},{'name':'Lipton Ice Teas','quantity':1,'price':25.99},{'name':'Ag Tomato Sauce','quantity':1,'price':31.99}]|R|201.93|22/04/2024 17:12
"BOS ICE TEA BERR
SPAR SPAGHETTI
SAVOURY BREAD
1
MENLYN MAIN CENTRE
SUPERSPAR
VAT NR: 4770111336
LIQ LIC: GLB700000378
PHONE NR: 012 348 2204
VAT rate
15.00%
TOTAL FOR 3 iEMS
TENDERED Credit Card
24.99
7514
CASHIER NAM. :
0
evc.
54.76
PLEA
300ML
TAX INVOICE
500GR
208
EACH
SLIP/ TILL / CASHIER / DATE
TAX
3.21
FOR
R
18.99 A
RT
-GAIN
18.99 A
24.99 A
2.97
62.97
/ TIME
25.03.24 12:14
incl.
62.97 A"|Menlyn Main Centre Superspar|[{'name':'Bos Ice Tea Berr','quantity':1,'price':18.99},{'name':'Spar Spaghetti','quantity':1,'price':18.99},{'name':'Savoury Bread','quantity':1,'price':24.99}]|R|62.97|25/03/2024 12:14
"MENLYN MAIN CENTRE
SUPERSPAR
VAT NR: 4770111336
LIQ LIC: GLB700000378
PHONE NR: 012 348 2204
KIT KAT CHOC MILK 4F
THIRSTI ISOFIT
ENDURA RACEDAY R/BERRY
TOTAL FOR 3 ITEMS
TENDERED Credit Card
VAT rate
15.00%
excl.
TAX INVOICE
TAX
38.23
41.5G
500ML
007
CASHIER NAME: Priscilla
63OML.
5.74
SLIP / TILL / CASHIER / DATE
5042
221
/
19.03.24
THANK YOU FOR
YOUR SUPPORT
PLEASE CALL AGAIN
R R
14.°9 A
16.99 A
43.97
43.97
incl.
43.97 A
TIME
08 :20"|Menlyn Main Centre Superspar|[{'name':'Kit Kat Choc Milk 4F','quantity':1,'price':14.99},{'name':'Thirsti Isofit','quantity':1,'price':11.99},{'name':'Endura Raceday R/Berry','quantity':1,'price':16.39}]|R|43.97|19/03/2024 08:20
"MENL YN MAIN CENTRE
SPERSPAR
VAl NR: 4770111336
LIQ LIC : GLB700000378
PHNE NR: 012 348 2204
BOS ICE TEA BERR
SAVOURY BREAD
VAT rate
15.00%
24.99
TOTAL
TENDERED Cedit Card
FOP 2 ITEMS
excl.
300ML
TAX INV0ICE
38.24
EACH
TAX
5.74
R
18.99 A
Z03
t le
TH/ NK YOU FOR
YOUR SUF ORT
PLEASE CALL ÁGAIN
24.99 A
43.98
43.98
incl.
43.98 A
/ CASHER/ DATE / TIME
22.03.24 12:25"|Menlyn Main Centre Superspar|[{'name':'Bos Ice Tea Berr','quantity':1,'price':18.99},{'name':'Savoury Bread','quantity':1,'price':24.99}]|R|43.98|22/03/2024 12:25
"MENL YN MAIN CENTRE
SUPERSPAR
VAT NR: 4770111336
LIQ LIC: GLB700000378
PHONE NR: 012 348 2204
LAYS SALT
LIPTON ICE TEA
VAT rate
0.00%
15.00%
FRESH CHICKEN FILLETS 7 /KG
0.646kg @
SPAR MILK L/L 2%
SPAR SPAGHETTI
TOTAL FOR 5 ITEMS
TENDERED Credit Card
87.99 R
excl.
19.49
120GR
108.97
1.5LT
TAX INV0ICE
SLIP_/ TILL
4648 005
CASHIER NAME: Bafidele
/kg
1LŤ
500GR
TAX
0.00
16.34
R
23.49 A
25.99 A
THANK YOU FOR
YOUR SUPPORT
PLEASE CALL AGAIN
56.84 A
19.49 *
18.99 A
144.80
144.80
incl,
19.49 *
125.31 A
/ CASHIER / DATE/
233 15.04.24 17:12
TIME"|Menlyn Main Centre Superspar|[{'name':'Lays Salt','quantity':1,'price':23.49},{'name':'Lipton Ice Tea','quantity':1,'price':25.99},{'name':'Fresh Chicken Fillets 7 /KG','quantity':1,'price':56.84},{'name':'Spar Milk L/L 2%','quantity':1,'price':19.49},{'name':'Spar Spaghetti','quantity':1,'price':18.99}]|R|144.80|15/04/2024 17:12
"GAU/201670C
Rate
Lynnwood, Glenfair Mall
TAX Invo ice VAT NO. 4420106777
Checkers
BRDBRW PRM 700G
CHICKEN MINCE
TOTAL
Tel No 012 470-9980
15.00%
0.00%
Elect Payment
Vat
6.08
0.00
R16 99
R46.61
R63.60
R63.60
TOTAL
46.61
16.99
Get your XTRA SAVINGS Card now
to get xtra cash savings, Instant ly!
To sign up in just 3min, either:
1. Dial *134*885*CARDNUMBER#
2. Visit checkers .co.za
3. Add 087 240 5385 as a Whatsâpp
contact and say ""Hi""
You were helped by
Nompume lelo Nkambule
CO097 #0298 18:36:55 270324 SO01771 RO8
Please keep your till slip
as proof of purchase
For cash rounding. VAT shown on this
slip must be adjus ted for input tax"|Checkers Lynnwood, Glenfair Mall|[{'name':'Brdrw Prm 700G','quantity':1,'price':16.99},{'name':'Chicken Mince','quantity':1,'price':46.61}]|R|63.60|27/03/2024 18:36
"tops!
GLENFAIR TOPS
VAT : 42 10229326
TEL : 0607923436
Cnr Lynwood & Daventry road
LA REG NO : GAU037899
PORCUPINE CHARD
TOTAL FOR 1 ITEMS
TENDERED Credit Card
VAT rate
15.00%
TAX INVOICE
excl.
57.99
750ML
SLIP / TILL
2649 C01
CASHIER NAME: POS 21
TAX
8.70
/ CASHIER / DATE /
R
66.69 A
66.69
66.69
incl.
66.69 A
TIME
21 27.03.24 18:17
THANK YOU FOR SHOPPING WITH US"|Glenfair Tops|{'name':'Porcupine Chard','quantity':1,'price':6.69}|R|66.69|27/03/2024 18:17
"Menlyn Ma ine Central Square, Corner of
Dallas Ave and, Aramist Ave, Menlyn,
Pretoria
KAUAL I1ENLYN MAINE
Phone : 087 159 0127
KAUAT
1335 SIKHALIPHILE
Card Ret
CHK 1839 TBL 117/1
2024/04/17 12:15 PM
Subtotal
Payment
VAT:
NATURALLY
1 BBQ Chi cken Wrap
1 Peanut Butter Bomb Lrg 86.00
22.57 Tax
Change Due
22.57 RSA VAT 15%
87.00
R173.00
R173.00
R13.00
Check Cl0sed --
2024/04/17 12:15 PM
R0.00
1.00"|Kauai Menlyn Maine|[{'name':'BBQ Chicken Wrap','quantity':1,'price':87.00},{'name':'Peanut Butter Bomb Lrg','quantity':1,'price':86.00}]|R|173.00|17/04/24 12:15PM
"SAVOURY BREAD
TOTAL
1
MENLYN MAIN CENTRE
SUPERSPAR
VAT NR: 4770111336
LIQ LIC: GLB700000378
PHONE NR: 012 348 2204
VAT rate
15.00%
ESUPERSAO
@
24.99
FOR 1 ITEMS
TENDERED Credit Card
99
TAX INVOICE
excl,
21.73
EACH
SLIP / TILL
7029 005
CASHIER NAME: Bonnie
TAX
3.26
/ CASHIER / DATE /
213 23.04.24
THANK YOU FOR
YOUR SUPPORT
PLEASE CALL AGAIN
R
24.99 A
24.99
24.99
incl.
24.99 A
TIME
12:50"|Menlyn Main Centre Superspar|{'name':'Savoury Bread','quantity':1,'price':24.99}|R|24.99|23/04/2024 12:50
"MENLYN MAIN CENTRE
SUPERSPAR
VÀT NR: 4770111336
LIQ LIC: GLB700000378
PHONE NR: 012 348 2204
N/GARDEN S/FRY F
MEXICORN NACHOS LIGHTLY 250G
VAT rate
0.00%
15.00%
LIPTON ICE TEA
TOTAL FOR 3 ITEMS
TENDERED Credit Card
exc1.
45.99
57.37
700GR
TAX INVOICE
TAX
1.5LT
0.00
8.61
R
THANK YOU FOR
YOUR SUPPORT
PLEASE CALL AGAIN
45.99 *
39.99 A
25.99 A
111.97
111.97
incl.
45.99 *
65.98 A
SLIP/ TILL / CASHIER / DATE/ TIME
8930 007 209 25.04.24
CASHIER NAME: Odetta
17:09"|Menlyn Main Centre Superspar|[{'name':'N/Garden','quantity':1,'price':45.99},{'name':'Mexicorn Nachos Lightly','quantity':1,'price':39.99},{'name':'Lipton Ice Tea','quantity':1,'price':25.99}]|R|111.97|25/04/2024 17:09
"KAUAI
KAUAI MENLYN MAINE
Menlyn Ma ine Central Square, Corner of
Dallas Ave and, Aramist Ave, Menlyn,
Pretoria
Phone: 087 159 0127
4575 Bonginhlanhl
VAT:
NATURALLY
CHK 1911 TBL 103/1
Subtotal
Payment
2024/04/23
1 Golden Milk Lrg
Card Ret
11.22 Tax
12:53 PM
Change Due
11.22 RSA VAT 158
86.00
R86.00
R86.00
R86.00
RO.00
86.00
86.00
Check C1losed
2024/04/23 12:53 PM"|Kauai Menlyn Maine|{'name':'Golden Milk Lrg','quantity':1,'price':86.00}|R|86.00|23/04/24 12:53PM
"MENL YN MAAIN CENTRE
SUPERSPAR
VAT NR: 4770111336
LIQ LIC: GLB700000378
PHONE NR: 012 348 2204
OREO BISC VANILL
SHITCH S/BOK EDT
LIPTON ICE TEA
SAVOURY BREAD
1 @ 24.99
fOTAL FOR 4 ITE4S
TENDERED Credit Card
VAT rate
15.00% 58.23
32.9G
excl.
5004L
TAX INVO1CE
500ML
EACH
TAX
)
8.73
SLIP_/ TILL
8258 005
CASHIER NAME: Kearabilwe
THANK YOU FOR
YOUR SUPPORT
PLEASE CALL AGAIN
R
11.99 A
11.99 A
17.99 A
24.99 A
66.96
66.96
incl,
66.96 A
/ CASHIER / DATE
202 2 27.03.24 12:14
TIME"|Menlyn Main Centre Superspar|[{'name':'Oreo Bisc Vanill','quantity':1,'price':11.99},{'name':'Switch S/Bok Edt','quantity':1,'price':11.99},{'name':'Lipton Ice Tea','quantity':1,'price':17.99},{'name':'Savoury Bread','quantity':1,'price':24.99}]|R|66.96|27/03/2024 12:14
"MENLYN MAIN CENTRE
SUPERSPAR
VAT NR: 4770111336
LIQ LIC: GLB700000378
PHONE NR: 012 348 2204
SPAR GRNOLA T/CH
SWITCH ENERGY CRAN CHER 500ML
VAT rate
0.00%
15.00%
SPAR SPAGHETTI
SPAR MILK L/L 2%
(K)SPAR CARRIERS BAG RE 1S
TOTAL FOR 5 ITEMS
TENDERED Credit Card
1KG
excl,
19.49
SLIP / TILL
9267 007
CASHIER NAME:
92.58
500GR
TAX INVOICE
1LT
TAX
0.00
13.89
/ CASHIER / DATE /
212 26.04.24
Ntombi
THANK YOU FOR
YOUR SUPPORT
PLEASE CALL AGAIN
R
73.99 A
11.99 A
18.99 A
19.49 *
1.50 A
125.96
125.96
inc1.
19.49 *
106.47 A
TIME
16:16"|Menlyn Main Centre Superspar|[{'name':'Spar Grnola T/CH','quantity':1,'price':73.99},{'name':'Switch Energy Cran Cher','quantity':1,'price':11.99},{'name':'Spar Spaghetti','quantity':1,'price':18.99},{'name':'Spar Milk L/L 2%','quantity':1,'price':19.49},{'name':'(K)Spar Carriers Bag Re','quantity':1,'price':1.50}]|R|125.96|26/04/2024 16:16
"PicknPay
CASHIER: Cashier 05 NC67
PNE FRZ BABY PEAS 500g
# ZERO-RATED
e
Menl yn Maine
087 750 2054 /2053
VAT INCL.
NON-SUPPLY
DUE VAT INCL
TENDER-
MASTERCARD
873145
TOTAL ITEMS:
-- TAX INVOICE-
TAXABLE VAL
47.99
0.00
47.99#V
Liquor Lic.:GLB//5001126
47.99
*150897 3857 3867005
47.99
VAT VAL
---- VAT REG NO. 4O90105588--
V VITALITY HEALTHYFOOD CASH BACK IIEM
1
VEBSITE: www.pi cknpay.co.za
THENK YOU FOR SHOPPING WJTH US
0.00
0.00
PLEASE RETAIN AS YOUR GUARANTEE
CUSTOMER CARE LINE: 0860 30 30 30
6 27.04.24 16:11"|PicknPay Menlyn Maine|{'name':'Pnp Frz Baby Peas 500g','quantity':1,'price':47.99}|R|47.99|27/04/2024 16:11
"MENL YN MAIN CENTRE
SUPERSPAR
VAT NR: 4770111336
LIQ LIC: GLB700000378
PHONE NR: 012 348 2204
M/MAINE ASSORTED PIZZA EACH
1@ 32.99
TOTAL FOR 1 ITEMS
TENDERED Credit Card
VAT rate
15.00%
TAX INVOICE
TAX
excl.
28.69
4.30
R
THANK YOU FOR
YOUR SUPPORT
PLEASE CALL AGAIN
32.99 A
32.99
32.99
incl.
32.99 A
SLIP / TILL / CASHIER / DATE/ TIME
7423
005
CASHIER NAME: Bonnie
213 24.04.24 12:18"|Menlyn Main Centre Superspar|{'name':'M/Maine Assorted Pizza','quantity':1,'price':32.99}|R|32.99|24/04/2024 12:18
"MENLYN MAIN CENTRE
SUPERSPAR
VAT NR: 4770111336
LIQ LIC: GLB700000378
PHONE NR: 012 348 2204
VAT rate
15.00%
DIVELLA FARFALLE #85
POLLI SUNDRIED TOMATOES 285G
TOTAL FOR 2 ITEMS
TENDERED Credit Card
500G
-- TAX INVOICE
excl.
119.98 18.00
TAX
R
42.99 A
SLIP / TILL/ CASHIER/ DATE /
4227 005
231
CASHIER NAME: TSHIAMO
THANK YOU FOR
YOUR SUPPORT
PLEASE CALL AGAIN
137.98
94.99 A
137.98
14.04.24
incl.
137.98 A
TIME
13:37"|Menlyn Main Centre Superspar|[{'name':'Divella Farfalle #85','quantity':1,'price':42.99},{'name':'Polli Sundried Tomatoes','quantity':1,'price':94.99}]|R|137.98|14/04/2024 13:37
"MENLYN MAIN CENTRE
SUPERSPAR
MAGNUM ALMOND
TOTAL
VAT rate
15.00%
SUPERSREO
VAT NR: 4770111336
LIQ LIC: GLB700000378
PHONE NR: 012 348 2204
FOR 1 ITEMS
TENDERED Credit Card
exc].
27.83
SLIP / TILL
5752 006
CASHIER NAME:
100ML
TAX INVOICE
TAX
4.17
/ CASHIER/ DATE /
208
Thandiwe
THANK YOU FOR
YOUR SUPPORT
PLEASE CALL AGAIN
16.03.24
R
32.00 A
32.00
32.00
incl.
32.00 A
TIME
17:36"|Menlyn Main Centre Superspar|{'name':'Magnum Almond','quantity':1,'price':32.00}|R|32.00|16/03/2024 17:36
"PicknPay
CASHIER: Lucia Boishelo
e
BERRY BUSH ROSE 750ml
CARRIER BAG 24_
VAT INCL
# ZER-RATE)
Menlyn Maine
037 750 2054 /2053
NON-SUPP_Y
*351r
TOTAL ITEMS:
--- TAX INVOICE--
TAXABLE VAL
66.15
DUE VAT INCL
-- - TENDER--
MASTERCARD
357013
0.00
65.00
1.15
66.15
66.15
VAT VAL
2
--- VAT REG NO. 4090105588-
V VITALITY 4EA_T4YFO00 CASH BACK ITEM
WEBSITE: NWW.pic<rpay. co. Za
THANK YDU FOR SHOPPING WITH US
8.63
0.00
Liquo_ic.:GL3//5001126
PLEASE ETAIN AS YOUR GUARANTEE
CUSTIMER CARE LINE: 0860 30 30 30
67 1023323 11 15.03.24 16:25"|PicknPay Menlyn Maine|[{'name':'Berry Bush Rose 750ml','quantity':1,'price':65.00},{'name':'Carrier Bag 24l','quantity':1,'price':1.15}]|R|66.15|15/03/2024 16:25
"SERANO ROASTED SALT BLA 200GR
SIMBA SMOKED BF
DIVELLA FUSILLI #40
A/G TOM PUREE
SAVOURY BREAD
MENLYN MAIN CENTRE
SUPERSPAR
VAT NR: 4770111336
LIQ LIC: GLB700000378
PHONE NR: 012 348 2204
VAT rate
15.00%
120GR
2490
500G
410G
1 @ 24.99
PRV FRZN PORK PLAIN RAS /KG
0.546kg@114.99 R
LIPTON ICE TEA
SPAR MIN WATER
TOTAL FOR 8 ITEMS
TENDERED Credit Card
EACH
/kg
1.5LT
5LT
TAX INVOICE
excl.
234.53 35.18
TAX
SLIP / TILL / CASHIER / DATE
002
CAS ER NAME: 0detta
/
209 13.03.24
THANK YOU FOR
YOUR SUPPORT
PLEASE CALL AGAIN
R
45.99 A
17.99 A
29.99 A
32.99 A
24.99 A
62.78 A
25.99 A
28.99
269.71
269.71
incl.
269.71 A
TIME
12:27
A"|Menlyn Main Centre Superspar|[{'name':'Serano Roasted Salt Bla','quantity':1,'price':45.99},{'name':'Simba Smoked Bf','quantity':1,'price':17.99},{'name':'Divella Fusilli #40','quantity':1,'price':29.99},{'name':'A/G Tom Puree','quantity':1,'price':32.99},{'name':'Savoury Bread','quantity':1,'price':24.99},{'name':'Prv Frzn Pork Plain Ras','quantity':1,'price':62.78},{'name':'Lipton Ice Tea','quantity':1,'price':25.99},{'name':'Spar Min Water','quantity':1,'price':28.99}]|R|269.71|13/03/2024 12:27
"MENLYN MAIN CENTRE
SUPERSPAR
S/LIGHT LAUN BAR
TOTAL FOR 1 ITEMS
VAT rate
15.00%
VAT NR: 4770111336
LIQ LIC: GLB700000378
PHONE NR: 012 348 2204
TENDERED Credit Card
1846
TAX INVOICE
excl.
250G
12.17
TAX
1.82
SLIP / TILL / CASHIER / DATE/
001 151
CASHIER NAME: Petunia
R
THANK YOU FOR
YOUR SUPPORT
PLEASE CALL AGAIN
13.99 A
13 q9
13.99
incl.
13.99 A
TIME
15.03.24 16:17"|Menlyn Main Centre Superspar|{'name':'S/Light Laun Bar','quantity':1,'price':13.99}|R|13.99|15/03/2024 16:17
"SAVOURY
MENLYN MAIN CENTRE
SUPERSPAR
VAT NR: 4770111336
700000378
VAT rate
15.00%
LIQ LIC:
BREAD
1 @ 24.95
LIPTON ICE TEA PEA
FOR 2 ITEMS
PHONE NP 2 348 2204
TOTAL
TENDERED Credit Card
excl.
37.37
EACH
- TAX INVOICE
500ML
TAX
5.61
202
R
THANK YOU FOR
YOUR SUPPORT
PLEASE CALL AGAIN
24.99 A
17.99 A
42.98
42.98
incl.
SLIP / TILL / CASHIER/ DATE / TIME
4287 005
14.03.24 12:15
CASHIER NAME: Kearabilwe
42.98 A"|Menlyn Main Centre Superspar|[{'name':'Savoury Bread','quantity':1,'price':24.99},{'name':'Lipton Ice Tea Pea','quantity':1,'price':17.99}]|R|42.98|14/03/2024 12:15
"MENLYN MAIN CENTRE
SUPERSPAR
VAT NR: 4770111336
LIQ LIC: GLB700000378
PHONE NR: 012 348 2204
CHEESE PANINI
2 @
@
SPAR SPRING WATER ST
TOTAL FOR 2 ITEMS
TENDERED Credit Card
VAT rate
15.00%
7.50
SLIP / TILL
5054 005
CASHIER NAME:
excl.
22.60
EACH
750ML
TAX INVOICE
TAX
3.39
R
253
PATRICIA M
THANK YOU FOR
YOUR SUPPORT
PLEASE CALL AGAIN
15.00 A
10.99 A
25.99
25.99
incl.
25.99 A
/ CASHIER / DATE/ TIME
16.03.24 17:20"|Menlyn Main Centre Superspar|[{'name':'Cheese Panini','quantity':1,'price':15.00},{'name':'Spar Spring Water St','quantity':1,'price':10.99}]|R|25.99|16/03/2024 17:20
"PicknPay
CASHIER: Cashier 07 NC67
DURACELL POWER PLUS AA2
5000394146921
P/CUT BEEF STIR FRY
VAT INCL
# ZERO-RATED
e
Menl yn Maine
087 750 2054 /2053
NON- SUPPLY
DUE VAI INCL
TENDER--
MASTERCARD
830636
TOTAL ITEMS:
TAX INVOICE- ---
TAXABLE VAL
92.29
0.00
64.99
27.30
Liquor Lic. :GLB//5001126
92.29
92.29
VAT VAL
12.04
--- VAT REG NO. 4090105588 ---
V VITALITY HEALTHYFO3D CASH BACK ITEM
2
0.00
WEBSITE: www.pi cknpay. co.za
THANK YOU FOR SHOPPING WIIH US
PLEASE RETAIN AS YOUR GUARANTEE
CUSTOMER CARE LINE: 0860 30 30 30
*144339 3857 3867007 6 09.03.24 13-3"|PicknPay Menlyn Maine|[{'name':'Duracell Power Plus AA2','quantity':1,'price':64.99},{'name':'P/Cut Beef Stir Fry','quantity':1,'price':27.30}]|R|92.29|09/03/2024 13:35
"SUPERSPAR
MENLYN MAIN CENTRE
SUPERSPAR
VAT NR: 4770111336
LIQ LIC: GLB700000378
PHONE NR: 012 348 2204
LIPTON ICE TEA
SAVOURY BRŁAU
1 @ 24,99
I/PMAN SPICES MEAT
TOTAL FOR 3 ITEMS
TENDERED Credit Card
1.5LT
r'CH
UML
TAX INVOICE
VAT rate
excl.
15.00% 83.45 12.52
TAX
R
THANK YOU FOR
YOUR SUPPORT
PLEASE CALL AGAIN
25.99 A
24.99 A
44.99 A
95.97
95.97
incl.
95.97 A
SLIP_/ TILL / CASHIER / D/TE /
3033 006
203 09.03.24 13:40
CASHIER NAME: Fikile
TIME"|Menlyn Main Centre Superspar|[{'name':'Lipton Ice Tea','quantity':1,'price':25.99},{'name':'Savoury Bread','quantity':1,'price':24.99},{'name':'I/Pman Spices Meat','quantity':1,'price':44.99}]|R|95.97|09/03/2024 13:40
"MENLYN MAIN CENTRE
SUPERSPAR
VAT NR: 4770111336
LIQ LIC: GLB700000378
PHONE NR: 012 348 2204
SAVOURY BREAD
1@ 24.99
BOS I/TEA BERRY
TOTAL FOR 2 ITEMS
TENDERED Credit Card
VAT rate
15.00%
excl.
TAX INVOICE
40,85
EACH
SLIP / TILL
1931 006
CASHIER NAME: Kwena
500ML
TAX
6.13
R
THANK YOU FOR
YOUR SUPPORT
PLEASE CALL AGAIN
24.99 A
21.99 A
46.98
46.98
incl.
46.98 A
/ CASHIER / DATE/ TIME
207 06.03.24 12:42"|Menlyn Main Centre Superspar|[{'name':'Savoury Bread','quantity':1,'price':24.99},{'name':'Bos I/Tea Berry','quantity':1,'price':21.99}]|R|46.98|06/03/2024 12:24
"SAVOURY
1
MENLYN MAIN CENTRE
SUPERSPAR
VAT NR: 4770111336
LIQ LIC: GLB700000378
PHONE NR: 012 348 2204
@
BOS ICE TEA PEAC
TOTAL FOR 2 ITEMS
TENDERED Credit Card
VAT rate
15.00%
BREAD
24.99
excl.
TAX INVOICE
38.24
EACH
SLIP / TILL
1650 003
CASHIER NAME: 0detta
300ML
TAX
5.74
/ CASHIER / DATE
209 07.03.24
/
THANK YOU FOR
YOUR SUPPORT
RT
PLEASE CALL AGAIN
R
24.99 A
18.99 A
43.98
43.98
incl.
43.98 A
TIME
12:14"|Menlyn Main Centre Superspar|[{'name':'Savoury Bread','quantity':1,'price':24.99},{'name':'Bos Ice Tea Peac','quantity':1,'price':18.99}]|R|43.98|07/03/2024 12:14
"Autharized by: 150
MENLYN MAIN CENTRE
SUPERSPAR
VAT NR: 4770111336
LIQ LIC: GLB700000378
PHONE NR: 012 348 2204
Tsakane
SPAR GRNOLA T/CH
N/GARDEN COU S/F
SPEKKO RICE PARBOILED
MR SHEEN D/WASH
H/TASTY THICK SOYA S
SATISKIN SH/CREM
PANTENE SHAMPOO
I/PMAN SPICES CHICK
SUPAMAMA F/BAG
BUTCHERY NON SCAN VAT
AQUELLE H STILL
(K) SPAR cRS BAG RE
TOTAL FOR 12 ITEMS
TENDERED Credit Card
VAT rate
0.00%
15.00%
1337
excl.
1KG
700GR
2KG
750ML
250ML
400ML
360ML
253
200ML
15'S
TAX INVOICE
5LT
1'S
TAX
0.00
87.98
467.44 70.12
SLIP / TILL / CASHIER / DATE/
005
CASHIER NAME: PATRICIA M
THANK YOU FOR
YOUR SUPPORT
PLEASE CALL AGAIN
R
73.99 A
39.99
05.03.24
47.99 *
27.99 A
57.99 A
109 99
44.99 A
55.99
54.99 A
80.14 A
625.54
29.99 A
1.50 A
625.54
incl.
87.98 *
537.56 A
TIME
11:58"|Menlyn Main Centre Superspar|[{'name':'Spar Grnola T/CH','quantity':1,'price':73.99},{'name':'N/Garden Cou S/F','quantity':1,'price':39.99},{'name':'Spekko Rice Parboiled','quantity':1,'price':47.99},{'name':'Mr Sheen D/Wash','quantity':1,'price':27.99},{'name':'H/Tasty Thick Soya S','quantity':1,'price':57.99},{'name':'Satiskin Sh/Crem','quantity':1,'price':55.99},{'name':'Pantene Shampoo','quantity':1,'price':109.99},{'name':'I/Pman Spices Chicken','quantity':1,'price':44.99},{'name':'Supamama F/Bag','quantity':1,'price':54.99},{'name':'Butchery Non Scan Vat','quantity':1,'price':80.14},{'name':'Aquelle Water Still','quantity':1,'price':29.99},{'name':'(K)Spar Carriers Bag Re','quantity':1,'price':1.50}]|R|625.54|05/03/2024 11:58
"MENLYN MAIN CENTRE
SUPERSPAR
VAT NR: 4770111336
LIQ LIC: GLB700000378
PHONE NR: 012 348 2204
CEREBOS IOD FLSK
LAMB SHOULDER CHOPS
0.326kg @ 179.99 R
BAKED BEANS
SPAR MIN WATER
TOTAL FOR 4 ITEMS
TENDERED Credit Card
VAT rate
15.00%
Voided Item:
*(K)SPAR CARRIERS BAG R 1'S
*(K)SPAR CARRIERS BAG R 1'S
excl.
111.87
500G
P/KG
SLIP / TILL / CASHIER
2127 007
CASHIER NAME: Kwena
/kg
410GR
TAX INVOICE
207
5LT
16.78
TAX
R
23.99 A
THANK YOU FOR
YOUR SUPPORT
PLEASE CALL AGAIN
58.68 A
16.99 A
DATE
07.03.24
1.50 A
-1.50 A
28.99 A
128.65
128.65
incl.
128.65 A
TIME
17:16"|Menlyn Main Centre Superspar|[{'name':'Cerebos IOD Flsk','quantity':1,'price':23.99},{'name':'Lamb Shoulder Chops','quantity':1,'price':58.68},{'name':'Baked Beans','quantity':1,'price':16.99},{'name':'Spar Min Water','quantity':1,'price':28.99}]|R|128.65|07/03/2024 17:16
"MENLYN MAIN CENTRE
SUPERSPAR
VAT NR: 4770111336
LIQ LIC: GLB700000378
PHONE NR: 012 348 2204
SISTEMA RECTANGULAP KLI 1L
TOTAL FOR 1 ITEMS
TENDERED Credit Card
VAT rate
15.00%
TAX INVOICE
excl.
104.77
TAX
15.72
SLIP / TILL / CASHIER / DATE
1464 002 202
CASHIER NAME: Kearabi lwe
THANK YOU FOR
YOUR SUPPORT
PLEASE CALL AGAIN
120.49 A
120.49
R
120.49
/
incl.
120.49 A
08.03.24
TIME
16:18"|Menlyn Main Centre Superspar|{'name':'Sistema Rectangular Kli 1L','quantity':1,'price':120.49}|R|120.49|08/03/2024 16:18
"MENLYN MAIN CENTRE
SUPERSPAR
VAT NR: 4770111336
LIQ LIC: GLB700000378
PHONE NR: 012 348 2204
MAGGI 2MIN NDL 5
LAYS SALT
F-GOLDEN DELIC ECONO
SPAR MILK L/L 2%
LIPTON ICE TEA
(K)SPAR CARRIERS BAG RE
TOTAL FOR 6 ITEMS
TENDERED Credit Card
VAT rate
0.00%
15.00%
exc1.
55.98
70.84
5EA
TAX INVOICE
120GR
1.5KG
1LT
SLIP / TILL
1465 007
CASHIER NAME: Fikile
1.5LT
1'S
TAX
0.00
10.63
7.00
R
29.99 A
THANK YOU FOR
YOUR SUPPORT
PLEASE CALL AGAIN
23.99
35.99 *
19.99 *
25.99 A
1.50 A
137.45
137.45
Today SPAR_Saved You
incl.
55.98 *
81.47 A
/ CASHIER / DATE / TIME
203 05.03.24 17:35"|Menlyn Main Centre Superspar|[{'name':'Maggi 2Min Ndl 5','quantity':1,'price':29.99},{'name':'Lays Salt','quantity':1,'price':23.99},{'name':'F-Golden Delic Econo','quantity':1,'price':35.99},{'name':'Spar Milk L/L 2%','quantity':1,'price':19.99},{'name':'Lipton Ice Tea','quantity':1,'price':25.99},{'name':'(K)Spar Carriers Bag Re','quantity':1,'price':1.50}]|R|137.45|05/03/2024 17:35
"Authorized by: 150
MENLYN MAIN CENTRE
SUPERSPAR
VAT NR: 4770111336
LIQ LIC: GLB700000378
PHONE NR: 012 348 2204
Tsakane
FRZ MIXED VEG
F-UNPEELD GNIONS 1KG
DIVELLA CUBETTATO
SPAR SPAGHETTI
BUTCHERY NON SCAN VAT
TOTAL FOR 5 IEMS
TENDERED Credit Card
VAT rate
0.00%
15.00%
excl,
59.98
65.55
1KG
SLIP / TILL
2064 006
CASHIER NAME:
1kG
400G
TAX INVOICE
500GR
TAX
0.00
9.83
11.00
R
37.99 *
21.99 *
Kuena
THANK YOU FOR
YOUR SUPPORT
PLEASE CALL AGAIN
29.99 A
18.99 A
26.40 À
135.36
135.36
incl.
Today SPAR SaVed You
59,98 *
75.38 A
/ CASHIER / DATE / TIME
207 06.03.24 17:32"|Menlyn Main Centre Superspar|[{'name':'Frz Mixed Veg','quantity':1,'price':37.99},{'name':'F-Unpeeled Onions 1kg','quantity':1,'price':21.99},{'name':'Divella Cubettato','quantity':1,'price':29.99},{'name':'Spar Spaghetti','quantity':1,'price':18.99},{'name':'Butchery Non Scan Vat','quantity':1,'price':26.40}]|R|135.36|06/03/2024 17:32
"SAVDURY
BREAD
@ 24.99
REESES PEANUT BUTTER CU 42G
TOTAL FOR 2 ITEMS
TENDERED Credit Card
1
VAT rate
15.00%
MENLYN MAIN CENTRE
SUPERSPAR
VAT NR: 4770111336
LIQ LIC: GLB700000378
PHONE NR: 012 348 2204
4756
EACH
TAX INV0ICE
excl.
44.33
TAX
6.65
THANK YOU FOR
you FO
YOUR SUPPORT
PLEASE CALL AGAIN
24.99 A
SLIP / TILL / CASHIER / DATE
001
207 25.04.24
CASHIER NAME: Kwena
R
25.99 A
50.96
/
50.98
incl.
50.98 A
TIME
12:23"|Menlyn Main Centre Superspar|[{'name':'Savoury Bread','quantity':1,'price':24.99},{'name':'Reeses Peanut Butter Cu','quantity':1,'price':25.99}]|R|50.98|25/04/2024 12:23
"MENLYN MAIN CENTRE
SUPERSPAR
VAT NR: 4770111336
LIQ LIC: GLB700000378
PHONE NR: 012 348 2204
FRESH CHICKEN FILLETS 7 /KG
0.606kg @ 87.99 R
OREO ICẾ CREAM S
SWITCH ENERGY CRAN CHER 500ML
3 @ 11.99
FOR 5 ITEMS
VAT rate
15.00%
TOTAL
TENDERED Credit Card
TAX INVOICE
TAX
excl.
102.85
/kg
90ML
SLIP / TILL
3022 003
CASHIER NAME: TSHIAMO
15.43
/ CASHIER / DATE /
231 27.04.24
THANK YOU FOR
YOUR SUPPORT
PLEASE CALL AGAIN
R
53.32 A
28.99 A
35.97 A
118.28
118.28
incl.
118.28 A
TIME
16:16"|Menlyn Main Centre Superspar|[{'name':'Fresh Chicken Fillets 7','quantity':1,'price':53.32},{'name':'Oreo Ice Cream S','quantity':1,'price':28.99},{'name':'Switch Energy Cran Cher','quantity':3,'price':11.99}]|R|118.28|27/04/2024 16:16
"PicknPay
e
087 750 2054 /2053
HIER: prudence khumalo
Menl yn Maine
PNP FRZ BABY PEAS 500g
LAY'S CHIPS SAL TED 120g
LANCEWO00D GRATED GOUDA 200g
DURACELL MAINLINE PLUS AAA 2
5000394147195
FLORA PLANT BUTTER F/SPD 75%
PADS SOFT&DRY NGHTS
FLOUR SELF RAISING
EAR BUDS 100EA
VAT INCL
# ZERO-RATED
NON-SUPPLY
DUE VAT INCL
---TENDER-
MASTERCARD
856580
TOTAL ITEMS:
--TAX INVOICE-
TAXABLE VAL
231.94
66.98
45.99#V
23.99
Liquor Lic. :GLB//5001126
44.99
64.99
62.99
20.99#
16.99
17.99
298.92
298.92
VAT VAL
30.25
---VAT REG NO. 4090105588-
V VITALITY HEAL THYFOOD CASH BACK ITEM
0.00
PLEASE RETAIN AS YOUR GUARANTEE
CUSTOMER CARE LINE: 0860 30 30 30
WEBSITE: wWw.pi cknpay . co. Za
THANK YOU FOR SHOPPING WITH US.
*830278 3867 1045470 2 15.03.24 16:38"|PicknPay Menlyn Maine|[{'name':'Pnp Frz Baby Peas','quantity':1,'price':45.99},{'name':'Lays Chips Salted','quantity':1,'price':23.99},{'name':'Lancewood Grated Gouda','quantity':1,'price':44.99},{'name':'Duracell Mainline Plus AAA2','quantity':1,'price':64.99},{'name':'Flora Plant Butter F/SPD','quantity':1,'price':62.99},{'name':'Pads Soft&Dry Nghts','quantity':1,'price':20.99},{'name':'Flour Self Raising','quantity':1,'price':16.99},{'name':'Ear Buds 100EA','quantity':1,'price':17.99}]|R|298.92|15/03/2024 16:38
"KAUAI MENLYN MAINE
KAUA1
Menlyn Ma ine Central Square, Corner of
Dallas Ave and, Aramist Ave, Menlyn,
Pretoria
Phone: 087 159 0127
VAT:
NATURALLY
4575 Bong inh lanhl
CHK 1131
2024/04/24 12:19 PM
1 Berry Dairy Lrg
Card Ret
TBL 107/1
Subtotal
Payment
Change Due
9.00 RSA VAT 15%
9.00 Tax
69.00
R69.00
R69.00
R69.00
Check C1osed
2024/04/24 12:19 PM
RO,00
69.00
69.00"|Kauai Menlyn Maine|{'name':'Berry Dairy Lrg','quantity':1,'price':69.00}|R|69.00|24/04/2024 12:19
